-- 2.1. Tạo database QLDA
CREATE DATABASE QLDA;

-- 2.2. Tạo bảng
USE QLDA;

CREATE TABLE NHANVIEN
(
	MANV VARCHAR(5) NOT NULL,
	HONV NVARCHAR(20) NOT NULL,
	TENLOT NVARCHAR(20) NOT NULL,
	TENNV NVARCHAR(10) NOT NULL,
	NGAYSINH DATE NOT NULL,
	DIACHI NVARCHAR(100) NOT NULL,
	PHAI VARCHAR(5) NOT NULL,
	LUONG DECIMAL(10,2) NOT NULL,
	MAPB VARCHAR(5) NOT NULL,
	CONSTRAINT nhanvien_pk PRIMARY KEY (MANV)
);

CREATE TABLE THANNHAN
(
	MANV VARCHAR(5) NOT NULL,
	TENTN NVARCHAR(30) NOT NULL,
	PHAI VARCHAR(5) NOT NULL,
	NGAYSINH DATE NOT NULL,
	QUANHE NVARCHAR(20) NOT NULL,
	CONSTRAINT thannhan_pk PRIMARY KEY (MANV, TENTN, QUANHE)
);

CREATE TABLE DEAN
(
	MADA VARCHAR(5) NOT NULL,
	TENDA NVARCHAR(50) NOT NULL,
	DDIEM_DA NVARCHAR(100) NOT NULL,
	MAPB VARCHAR(5) NOT NULL,
	CONSTRAINT dean_pk PRIMARY KEY (MADA)
);

CREATE TABLE DDIEMPB
(
	MAPB VARCHAR(5) NOT NULL,
	DIADIEM NVARCHAR(100) NOT NULL,
	CONSTRAINT ddiempb_pk PRIMARY KEY (MAPB, DIADIEM)
);

CREATE TABLE PHANCONG
(
	MANV VARCHAR(5) NOT NULL,
	MADA VARCHAR(5) NOT NULL,
	THOIGIAN DECIMAL(5,1) NOT NULL,
	CONSTRAINT phancong_pk PRIMARY KEY (MANV, MADA)
);

CREATE TABLE PHONGBAN
(
	MAPB VARCHAR(5) NOT NULL,
	TENPB NVARCHAR(50) NOT NULL,
	TRUONGPHONG VARCHAR(5) NULL,
	NG_NHANCHUC DATE NULL,
	CONSTRAINT phongban_pk PRIMARY KEY (MAPB)
);

-- 2.3. Tạo khóa chính và khóa ngoại

-- a. Tạo khóa chính

ALTER TABLE NHANVIEN
ADD CONSTRAINT nhanvien_mapb_fk FOREIGN KEY (MAPB) REFERENCES PHONGBAN (MAPB);

ALTER TABLE PHONGBAN
ADD CONSTRAINT phongban_truongphong_fk FOREIGN KEY (TRUONGPHONG) REFERENCES NHANVIEN (MANV);

ALTER TABLE DDIEMPB
ADD CONSTRAINT ddiempb_mapb_fk FOREIGN KEY (MAPB) REFERENCES PHONGBAN (MAPB);

ALTER TABLE DEAN
ADD CONSTRAINT dean_mapb_fk FOREIGN KEY (MAPB) REFERENCES PHONGBAN (MAPB);

ALTER TABLE THANNHAN
ADD CONSTRAINT thannhan_manv_fk FOREIGN KEY (MANV) REFERENCES NHANVIEN (MANV);

ALTER TABLE PHANCONG
ADD CONSTRAINT phancong_manv_fk FOREIGN KEY (MANV) REFERENCES NHANVIEN (MANV),
	CONSTRAINT phancong_mada_fk FOREIGN KEY (MADA) REFERENCES DEAN (MADA);


-- 2.4. Nhập dữ liệu

INSERT INTO PHONGBAN (MAPB, TENPB) 
VALUES
    ('P1', N'QUANLY'),
    ('P2', N'DIEUHANH'),
    ('P3', N'NGHIENCUU');

INSERT INTO NHANVIEN 
VALUES
	('NV1',N'DINH',N'BA',N'TIEN','1985-01-09',N'731 Tran Hung Dao,q1,TPHCM','NAM',30000,'P3'),
	('NV2',N'VO',N'THANH',N'TUNG','1975-12-08',N'638 Tran Hung Dao','NAM',40000,'P3'),
	('NV3',N'TRAN',N'THANH',N'TAM','1982-07-31',N'853 Mai Thi Luu,Q1,TPHCM','NAM',25000,'P2'),
	('NV4',N'VO',N'MANH',N'HUNG','1972-09-15',N'975 Ba Ria,Vung Tau','NAM',38000,'P2'),
	('NV5',N'LE',N'NGOC',N'QUYEN','1987-10-10',N'450 Trung Vuong,Ha Noi','NU',55000,'P1'),
	('NV6',N'TRAN',N'MINH',N'KHANG','1982-06-24',N'Tran Binh Trong,TPHCM','NAM',58000,'P1'),
	('NV7',N'LE',N'THI',N'NHAN','1981-06-20',N'291 Ho Van Huc,QPN,TPHCM','NU',43000,'P3'),
	('NV8',N'TRAN',N'HONG',N'QUANG','1979-03-29',N'980 Le Hong Phong,Q10,TPHCM','NAM',25000,'P2'),
	('NV9',N'BUI',N'THUY',N'VU','1978-07-19',N'332 Nguyen Thai Hoc,Q1,TPHCM','NU',25000,'P1');

-- Update TRUONGPHONG and NG_NHANCHUC for specific records
UPDATE PHONGBAN 
SET TRUONGPHONG = 'NV5', NG_NHANCHUC = '2016-06-19'
WHERE MAPB = 'P1';

UPDATE PHONGBAN 
SET TRUONGPHONG = 'NV8', NG_NHANCHUC = '2018-01-01'
WHERE MAPB = 'P2';

UPDATE PHONGBAN 
SET TRUONGPHONG = 'NV2', NG_NHANCHUC = '2017-05-22'
WHERE MAPB = 'P3';


INSERT INTO DEAN 
VALUES
	('DA1',N'San Pham X',N'VUNG TAU','P3'),
	('DA2',N'San Pham Y',N'NHA TRANG','P3'),
	('DA3',N'San Pham Z',N'TPHCM','P3'),
	('DA4',N'Tin hoc hoa',N'HA NOI','P2'),
	('DA5',N'Cap quang',N'TPHCM','P1'),
	('DA6',N'Dao tao',N'HA NOI','P2');

INSERT INTO DDIEMPB
VALUES
	('P1',N'TPHCM'),
	('P2',N'HA NOI'),
	('P3',N'NHA TRANG'),
	('P3',N'TPHCM'),
	('P3',N'VUNG TAU');

INSERT INTO PHANCONG
VALUES
	('NV1','DA1',32.5),
	('NV1','DA2',7.5),
	('NV1','DA3',10),
	('NV2','DA3',40),
	('NV2','DA4',20),
	('NV2','DA5',20),
	('NV3','DA1',20),
	('NV3','DA2',20),
	('NV4','DA3',10),
	('NV5','DA4',10),
	('NV5','DA5',10),
	('NV7','DA6',30),
	('NV8','DA4',10),
	('NV8','DA6',20),
	('NV9','DA4',15);

INSERT INTO THANNHAN
VALUES
	('NV1',N'DINH BA KIEN','NAM','1995-07-15',N'CON TRAI'),
	('NV1',N'NGUYEN THANH THAO','NU','1988-04-08',N'VỢ'),
	('NV2',N'VO THANH SON','NAM','1950-09-23',N'CHA'),
	('NV3',N'LE THI HUONG','NU','1984-01-09',N'VỢ'),
	('NV3',N'TRAN LE NGOC HOA','NU','2017-09-12',N'CON GÁI'),
	('NV6',N'TRAN MINH AN','NAM','1980-08-05',N'ANH TRAI'),
	('NV7',N'LE THI NGAN','NU','1980-06-07',N'EM GÁI'),
	('NV9',N'TRAN QUOC VUONG','NAM','1975-05-05',N'CHỒNG')