-- 3.1. Tạo database
CREATE DATABASE QLHH;

--3.2. Tạo bảng
USE QLHH;

CREATE TABLE KHACHHANG
(
	MAKHACHHANG VARCHAR(10) NOT NULL,
	TENCONGTY NVARCHAR(100) NOT NULL,
	TENGIAODICH NVARCHAR(100) NOT NULL,
	DIACHI NVARCHAR(100) NOT NULL,
	EMAIL VARCHAR(20) NOT NULL,
	DIENTHOAI VARCHAR(20) NOT NULL,
	FAX VARCHAR(20)
);

CREATE TABLE NHANVIEN
(
	MANHANVIEN VARCHAR(10) NOT NULL,
	HO NVARCHAR(30) NOT NULL,
	TEN NVARCHAR(10) NOT NULL,
	NGAYSINH DATE NOT NULL,
	NGAYLAMVIEC DATE NOT NULL,
	DIACHI NVARCHAR(100) NOT NULL,
	DIENTHOAI VARCHAR(20),
	LUONGCOBAN MONEY NOT NULL,
	PHUCAP MONEY NOT NULL
);

CREATE TABLE NHACUNGCAP
(
	MACONGTY VARCHAR(10) NOT NULL,
	TENCONGTY NVARCHAR(100) NOT NULL,
	TENGIAODICH NVARCHAR(100) NOT NULL,
	DIACHI NVARCHAR(20) NOT NULL,
	DIENTHOAI VARCHAR(20) NOT NULL,
	FAX VARCHAR(20) NOT NULL,
	EMAIL VARCHAR(20) NOT NULL
);

CREATE TABLE MATHANG
(
	MAHANG VARCHAR(10) NOT NULL,
	TENHANG NVARCHAR(100) NOT NULL,
	MACONGTY VARCHAR(10) NOT NULL,
	MALOAIHANG VARCHAR(10) NOT NULL,
	SOLUONG DECIMAL(10,2) NOT NULL,
	DONVITINH NVARCHAR(20) NOT NULL,
	GIAHANG MONEY NOT NULL
);

CREATE TABLE LOAIHANG
(
	MALOAIHANG VARCHAR(10) NOT NULL,
	TENLOAIHANG NVARCHAR(100) NOT NULL
);

CREATE TABLE DONDATHANG
(
	SOHOADON VARCHAR(10) NOT NULL,
	MAKHACHHANG VARCHAR(10) NOT NULL,
	MANHANVIEN VARCHAR(10) NOT NULL,
	NGAYDATHANG DATETIME,
	NGAYGIAOHANG DATETIME,
	NGAYCHUYENHANG DATETIME,
	NOIGIAOHANG NVARCHAR(100),
);

CREATE TABLE CTDATHANG
(
	SOHOADON VARCHAR(10) NOT NULL,
	MAHANG VARCHAR(10) NOT NULL,
	GIABAN MONEY NOT NULL,
	SOLUONG DECIMAL(10,2) NOT NULL,
	MUCGIAMGIA DECIMAL(4,2) NOT NULL
);

-- 3.3. Tạo Primary Key và Foreign Key

-- a. Tạo Primary Key

ALTER TABLE CTDATHANG
ADD CONSTRAINT ctdathang_pk PRIMARY KEY (SOHOADON, MAHANG);

ALTER TABLE KHACHHANG
ADD CONSTRAINT khachhang_pk PRIMARY KEY (MAKHACHHANG);

ALTER TABLE NHANVIEN
ADD CONSTRAINT nhanvien_pk PRIMARY KEY (MANHANVIEN);

ALTER TABLE MATHANG
ADD CONSTRAINT mathang_pk PRIMARY KEY (MAHANG);

ALTER TABLE DONDATHANG
ADD CONSTRAINT dondathang_pk PRIMARY KEY (SOHOADON);

ALTER TABLE LOAIHANG
ADD CONSTRAINT loaihang_pk PRIMARY KEY (MALOAIHANG);

ALTER TABLE NHACUNGCAP
ADD CONSTRAINT nhacungcap_pk PRIMARY KEY (MACONGTY);

-- b. Tạo Foreign Key

ALTER TABLE CTDATHANG
ADD CONSTRAINT ctdathang_sohoadon_fk FOREIGN KEY (SOHOADON) REFERENCES DONDATHANG (SOHOADON),
	CONSTRAINT ctdathang_mahang_fk FOREIGN KEY (MAHANG) REFERENCES MATHANG (MAHANG);

ALTER TABLE DONDATHANG
ADD CONSTRAINT dondathang_makhachhang_fk FOREIGN KEY (MAKHACHHANG) REFERENCES KHACHHANG (MAKHACHHANG),
	CONSTRAINT dondathang_manhanvien_fk FOREIGN KEY (MANHANVIEN) REFERENCES NHANVIEN (MANHANVIEN);

ALTER TABLE MATHANG
ADD CONSTRAINT mathang_macongty_fk FOREIGN KEY (MACONGTY) REFERENCES NHACUNGCAP (MACONGTY),
	CONSTRAINT mathang_maloaihang_fk FOREIGN KEY (MALOAIHANG) REFERENCES LOAIHANG (MALOAIHANG);

-- 3.4. Tạo dữ liệu
INSERT INTO KHACHHANG 
VALUES
	('KH01',N'APPLE',N'GD DIEN THOAI',N'07 2/4, NHA TRANG, KHANH HOA','P@gmail.com','0178632954','7723'),
	('KH02',N'SAMSUNG',N'GD LAP TOP',N'33 NGO GIA TU, NHA TRANG, KHANH HOA','H@gmail.com','0604739541','7724'),
	('KH03',N'OPPO',N'GD IPAD',N'02 NGUYEN THIEN THUAT, NHA TRANG, KHANH HOA','N@gmail.com','0309728432','7725'),
	('KH04',N'APPLE',N'GD DIEN THOAI',N'11/2 MAI AN TIEM, NHA TRANG, KHANH HOA','T@gmail.com','0211839543','7726');
INSERT INTO NHANVIEN 
VALUES
	('NV01',N'PHAM',N'THAI','1989-07-03','2017-02-01',N'91 MAI AI TIEM, NHA TRANG, KHANH HOA','0123456789',40000,5000),
	('NV02',N'NGUYEN',N'THAO','1998-03-07','2015-06-02',N'17/4 NGO DEN, NHA TRANG, KHANH HOA','0905726110',40000,5000),
	('NV03',N'HO',N'LAM','2001-12-01','2023-04-08',N'09 NGUYEN TRAI, NHA TRANG, KHANH HOA','0705837221',30000,5000);
INSERT INTO NHACUNGCAP 
VALUES
	('MA01',N'APPLE',N'GD DIEN THOAI',N'91 NGUYEN TRAI, NHA TRANG, KHANH HOA','0934576871','7723','A@gmail.com'),
	('MA02',N'SAMSUNG',N'GD LAPTOP',N'12/7 VINH HAI, NHA TRANG, KHANH HOA','0324767982','7724','S@gmail.com'),
	('MA03',N'OPPO',N'GD IPAD',N'90 MAI AN TIEM, NHA TRANG, KHANH HOA','0905112113','7725','O@gmail.com'),
	('MA04',N'APPLE',N'GD DIEN THOAI',N'91 NGUYEN TRAI, NHA TRANG, KHANH HOA','0934576871','7723','A@gmail.com');
INSERT INTO LOAIHANG 
VALUES
	('H01',N'DIEN THOAI'),
	('H02',N'LAPTOP'),
	('H03',N'IPAD');
INSERT INTO DONDATHANG 
VALUES
	('HD01','KH01','NV01','2023-07-06 09:40:30','2023-07-09 12:40:50','2023-07-09 01:20:30',N'07 2/4, NHA TRANG, KHANH HOA'),
	('HD02','KH02','NV02','2022-11-30 08:50:40','2022-12-01 09:11:23','2022-12-01 01:20:30',N'33 NGO GIA TU, NHA TRANG, KHANH HOA'),
	('HD03','KH03','NV03','2023-12-30 07:40:40','2024-01-01 09:13:55','2024-01-01 01:20:36',N'02 NGUYEN THIEN THUAT, NHA TRANG, KHANH HOA'),
	('HD04','KH04','NV01','2018-07-01 10:10:30','2018-07-02 09:50:34','2018-07-02 01:22:42',N'11/2 MAI AN TIEM, NHA TRANG, KHANH HOA');
INSERT INTO MATHANG 
VALUES
	('MH01',N'DIENTHOAI','MA01','H01',100,N'nghìn',12000),
	('MH02',N'LAPTOP','MA02','H02',100,N'nghìn',17000),
	('MH03',N'IPAD','MA03','H03',200,N'nghìn',23000),
	('MH04',N'DIENTHOAI','MA01','H01',100,N'nghìn',12000);
INSERT INTO CTDATHANG 
VALUES
	('HD01','MH01',12000,1,0),
	('HD02','MH02',17000,1,0),
	('HD03','MH03',23000,2,0.3),
	('HD04','MH04',12000,2,0.5);